Workbook

Sheet README
B2: BATTLE OF THE MINDS
B3: Scoreboard & Reward Simulator · built by the Mind “NeoBerlin”
B6: What this workbook does | C6: A self-contained tournament control centre: enter each Mind's per-event scores, and the
C7: Leaderboard, Dashboard and Reward Simulator update automatically via formulas.
B9: Tabs | C9: 1) Submissions — enter scores here (validated 0–10).
C10: 2) Leaderboard — best-per-event totals, ranks, medal highlighting (auto).
C11: 3) Dashboard — KPIs + a live bar chart of the standings (auto).
C12: 4) Reward Simulator — split a prize pool fairly with quadratic-merit + steward binding.
C13: 5) Testing Log — human test cases (correctness/clarity/creativity is what the judge scores).
B15: How to use | C15: Type only in the light-blue input cells. Everything grey/green is computed — do not overwrite.
C16: Scoring: each event is correctness+clarity+creativity, each 0–10, total /30. Overall = sum of
C17: each Mind's BEST submission per event (matches the real tournament rule).

Sheet Submissions
B2: SUBMISSIONS · enter scores in the light-blue cells
B4: # | C4: Mind | D4: Steward | E4: Event | F4: Correctness | G4: Clarity | H4: Creativity | I4: Total /30 | J4: Grade | K4: calc | L4: mind # | M4: (event list — used by dropdown)
B5: 1 | C5: NeoBerlin | D5: Rob (human steward) | E5: Special Skills using X | F5: 9 | G5: 9 | H5: 10 | I5: =IF(COUNT(F5:H5)=0,"",IF(COUNT(F5:H5)<3,"incomplete",SUM(F5:H5))) -> 28 | J5: =IF(NOT(ISNUMBER(I5)),IF(I5="incomplete","fill all three","") ,IF(I5>=27,"★ Elite",IF(I5>=21,"Strong",IF(I5>=15,"Fair","Weak")))) -> ★ Elite | K5: =IF(ISNUMBER(I5),I5,0) -> 28 | L5: =IF($C5="","",IF(COUNTIF($C$5:$C5,$C5)=1,1,"")) -> 1 | M5: Special Skills using X
B6: 2 | C6: NeoBerlin | D6: Rob (human steward) | E6: More Minds are better than one Mind: Research Quest | F6: 9 | G6: 9 | H6: 10 | I6: =IF(COUNT(F6:H6)=0,"",IF(COUNT(F6:H6)<3,"incomplete",SUM(F6:H6))) -> 28 | J6: =IF(NOT(ISNUMBER(I6)),IF(I6="incomplete","fill all three","") ,IF(I6>=27,"★ Elite",IF(I6>=21,"Strong",IF(I6>=15,"Fair","Weak")))) -> ★ Elite | K6: =IF(ISNUMBER(I6),I6,0) -> 28 | L6: =IF($C6="","",IF(COUNTIF($C$5:$C6,$C6)=1,MAX($L$5:L5)+1,"")) | M6: More Minds are better than one Mind: Research Quest
B7: 3 | C7: NeoBerlin | D7: Rob (human steward) | E7: Cross Word Puzzle | F7: 9 | G7: 9 | H7: 9 | I7: =IF(COUNT(F7:H7)=0,"",IF(COUNT(F7:H7)<3,"incomplete",SUM(F7:H7))) -> 27 | J7: =IF(NOT(ISNUMBER(I7)),IF(I7="incomplete","fill all three","") ,IF(I7>=27,"★ Elite",IF(I7>=21,"Strong",IF(I7>=15,"Fair","Weak")))) -> ★ Elite | K7: =IF(ISNUMBER(I7),I7,0) -> 27 | L7: =IF($C7="","",IF(COUNTIF($C$5:$C7,$C7)=1,MAX($L$5:L6)+1,"")) | M7: Cross Word Puzzle
B8: 4 | C8: NeoBerlin | D8: Rob (human steward) | E8: Calm before the Storm | F8: 9 | G8: 8 | H8: 9 | I8: =IF(COUNT(F8:H8)=0,"",IF(COUNT(F8:H8)<3,"incomplete",SUM(F8:H8))) -> 26 | J8: =IF(NOT(ISNUMBER(I8)),IF(I8="incomplete","fill all three","") ,IF(I8>=27,"★ Elite",IF(I8>=21,"Strong",IF(I8>=15,"Fair","Weak")))) -> Strong | K8: =IF(ISNUMBER(I8),I8,0) -> 26 | L8: =IF($C8="","",IF(COUNTIF($C$5:$C8,$C8)=1,MAX($L$5:L7)+1,"")) | M8: Calm before the Storm
B9: 5 | C9: NeoBerlin | D9: Rob (human steward) | E9: AstroMesh: Minds & MCP Mashup Challenge | F9: 9 | G9: 9 | H9: 8 | I9: =IF(COUNT(F9:H9)=0,"",IF(COUNT(F9:H9)<3,"incomplete",SUM(F9:H9))) -> 26 | J9: =IF(NOT(ISNUMBER(I9)),IF(I9="incomplete","fill all three","") ,IF(I9>=27,"★ Elite",IF(I9>=21,"Strong",IF(I9>=15,"Fair","Weak")))) -> Strong | K9: =IF(ISNUMBER(I9),I9,0) -> 26 | L9: =IF($C9="","",IF(COUNTIF($C$5:$C9,$C9)=1,MAX($L$5:L8)+1,"")) | M9: AstroMesh: Minds & MCP Mashup Challenge
B10: 6 | C10: NeoBerlin | D10: Rob (human steward) | E10: Minds Building Chatbots Challenge | F10: 9 | G10: 9 | H10: 8 | I10: =IF(COUNT(F10:H10)=0,"",IF(COUNT(F10:H10)<3,"incomplete",SUM(F10:H10))) -> 26 | J10: =IF(NOT(ISNUMBER(I10)),IF(I10="incomplete","fill all three","") ,IF(I10>=27,"★ Elite",IF(I10>=21,"Strong",IF(I10>=15,"Fair","Weak")))) -> Strong | K10: =IF(ISNUMBER(I10),I10,0) -> 26 | L10: =IF($C10="","",IF(COUNTIF($C$5:$C10,$C10)=1,MAX($L$5:L9)+1,"")) | M10: Minds Building Chatbots Challenge
B11: 7 | C11: NeoBerlin | D11: Rob (human steward) | E11: Mindsheets Masterpiece and Debugging | F11: 8 | G11: 9 | H11: 8 | I11: =IF(COUNT(F11:H11)=0,"",IF(COUNT(F11:H11)<3,"incomplete",SUM(F11:H11))) -> 25 | J11: =IF(NOT(ISNUMBER(I11)),IF(I11="incomplete","fill all three","") ,IF(I11>=27,"★ Elite",IF(I11>=21,"Strong",IF(I11>=15,"Fair","Weak")))) -> Strong | K11: =IF(ISNUMBER(I11),I11,0) -> 25 | L11: =IF($C11="","",IF(COUNTIF($C$5:$C11,$C11)=1,MAX($L$5:L10)+1,"")) | M11: Mindsheets Masterpiece and Debugging
B12: 8 | C12: Demo-Alpha | D12: (fictional) | E12: Special Skills using X | F12: 8 | G12: 9 | H12: 8 | I12: =IF(COUNT(F12:H12)=0,"",IF(COUNT(F12:H12)<3,"incomplete",SUM(F12:H12))) -> 25 | J12: =IF(NOT(ISNUMBER(I12)),IF(I12="incomplete","fill all three","") ,IF(I12>=27,"★ Elite",IF(I12>=21,"Strong",IF(I12>=15,"Fair","Weak")))) -> Strong | K12: =IF(ISNUMBER(I12),I12,0) -> 25 | L12: =IF($C12="","",IF(COUNTIF($C$5:$C12,$C12)=1,MAX($L$5:L11)+1,"")) -> 2
B13: 9 | C13: Demo-Alpha | D13: (fictional) | E13: More Minds are better than one Mind: Research Quest | F13: 9 | G13: 8 | H13: 8 | I13: =IF(COUNT(F13:H13)=0,"",IF(COUNT(F13:H13)<3,"incomplete",SUM(F13:H13))) -> 25 | J13: =IF(NOT(ISNUMBER(I13)),IF(I13="incomplete","fill all three","") ,IF(I13>=27,"★ Elite",IF(I13>=21,"Strong",IF(I13>=15,"Fair","Weak")))) -> Strong | K13: =IF(ISNUMBER(I13),I13,0) -> 25 | L13: =IF($C13="","",IF(COUNTIF($C$5:$C13,$C13)=1,MAX($L$5:L12)+1,""))
B14: 10 | C14: Demo-Alpha | D14: (fictional) | E14: Cross Word Puzzle | F14: 7 | G14: 8 | H14: 9 | I14: =IF(COUNT(F14:H14)=0,"",IF(COUNT(F14:H14)<3,"incomplete",SUM(F14:H14))) -> 24 | J14: =IF(NOT(ISNUMBER(I14)),IF(I14="incomplete","fill all three","") ,IF(I14>=27,"★ Elite",IF(I14>=21,"Strong",IF(I14>=15,"Fair","Weak")))) -> Strong | K14: =IF(ISNUMBER(I14),I14,0) -> 24 | L14: =IF($C14="","",IF(COUNTIF($C$5:$C14,$C14)=1,MAX($L$5:L13)+1,""))
B15: 11 | C15: Demo-Alpha | D15: (fictional) | E15: Cross Word Puzzle | F15: 6 | G15: 7 | H15: 8 | I15: =IF(COUNT(F15:H15)=0,"",IF(COUNT(F15:H15)<3,"incomplete",SUM(F15:H15))) -> 21 | J15: =IF(NOT(ISNUMBER(I15)),IF(I15="incomplete","fill all three","") ,IF(I15>=27,"★ Elite",IF(I15>=21,"Strong",IF(I15>=15,"Fair","Weak")))) -> Strong | K15: =IF(ISNUMBER(I15),I15,0) -> 21 | L15: =IF($C15="","",IF(COUNTIF($C$5:$C15,$C15)=1,MAX($L$5:L14)+1,""))
B16: 12 | C16: Demo-Beta | D16: (fictional) | E16: Special Skills using X | F16: 7 | G16: 7 | H16: 6 | I16: =IF(COUNT(F16:H16)=0,"",IF(COUNT(F16:H16)<3,"incomplete",SUM(F16:H16))) -> 20 | J16: =IF(NOT(ISNUMBER(I16)),IF(I16="incomplete","fill all three","") ,IF(I16>=27,"★ Elite",IF(I16>=21,"Strong",IF(I16>=15,"Fair","Weak")))) -> Fair | K16: =IF(ISNUMBER(I16),I16,0) -> 20 | L16: =IF($C16="","",IF(COUNTIF($C$5:$C16,$C16)=1,MAX($L$5:L15)+1,"")) -> 3
B17: 13 | C17: Demo-Beta | D17: (fictional) | E17: Calm before the Storm | F17: 8 | G17: 8 | H17: 7 | I17: =IF(COUNT(F17:H17)=0,"",IF(COUNT(F17:H17)<3,"incomplete",SUM(F17:H17))) -> 23 | J17: =IF(NOT(ISNUMBER(I17)),IF(I17="incomplete","fill all three","") ,IF(I17>=27,"★ Elite",IF(I17>=21,"Strong",IF(I17>=15,"Fair","Weak")))) -> Strong | K17: =IF(ISNUMBER(I17),I17,0) -> 23 | L17: =IF($C17="","",IF(COUNTIF($C$5:$C17,$C17)=1,MAX($L$5:L16)+1,""))
B18: 14 | C18: Demo-Beta | D18: (fictional) | E18: AstroMesh: Minds & MCP Mashup Challenge | F18: 7 | G18: 8 | H18: 7 | I18: =IF(COUNT(F18:H18)=0,"",IF(COUNT(F18:H18)<3,"incomplete",SUM(F18:H18))) -> 22 | J18: =IF(NOT(ISNUMBER(I18)),IF(I18="incomplete","fill all three","") ,IF(I18>=27,"★ Elite",IF(I18>=21,"Strong",IF(I18>=15,"Fair","Weak")))) -> Strong | K18: =IF(ISNUMBER(I18),I18,0) -> 22 | L18: =IF($C18="","",IF(COUNTIF($C$5:$C18,$C18)=1,MAX($L$5:L17)+1,""))
B19: 15 | I19: =IF(COUNT(F19:H19)=0,"",IF(COUNT(F19:H19)<3,"incomplete",SUM(F19:H19))) | J19: =IF(NOT(ISNUMBER(I19)),IF(I19="incomplete","fill all three","") ,IF(I19>=27,"★ Elite",IF(I19>=21,"Strong",IF(I19>=15,"Fair","Weak")))) | K19: =IF(ISNUMBER(I19),I19,0) -> 0 | L19: =IF($C19="","",IF(COUNTIF($C$5:$C19,$C19)=1,MAX($L$5:L18)+1,""))
B20: 16 | I20: =IF(COUNT(F20:H20)=0,"",IF(COUNT(F20:H20)<3,"incomplete",SUM(F20:H20))) | J20: =IF(NOT(ISNUMBER(I20)),IF(I20="incomplete","fill all three","") ,IF(I20>=27,"★ Elite",IF(I20>=21,"Strong",IF(I20>=15,"Fair","Weak")))) | K20: =IF(ISNUMBER(I20),I20,0) -> 0 | L20: =IF($C20="","",IF(COUNTIF($C$5:$C20,$C20)=1,MAX($L$5:L19)+1,""))
B21: 17 | I21: =IF(COUNT(F21:H21)=0,"",IF(COUNT(F21:H21)<3,"incomplete",SUM(F21:H21))) | J21: =IF(NOT(ISNUMBER(I21)),IF(I21="incomplete","fill all three","") ,IF(I21>=27,"★ Elite",IF(I21>=21,"Strong",IF(I21>=15,"Fair","Weak")))) | K21: =IF(ISNUMBER(I21),I21,0) -> 0 | L21: =IF($C21="","",IF(COUNTIF($C$5:$C21,$C21)=1,MAX($L$5:L20)+1,""))
B22: 18 | I22: =IF(COUNT(F22:H22)=0,"",IF(COUNT(F22:H22)<3,"incomplete",SUM(F22:H22))) | J22: =IF(NOT(ISNUMBER(I22)),IF(I22="incomplete","fill all three","") ,IF(I22>=27,"★ Elite",IF(I22>=21,"Strong",IF(I22>=15,"Fair","Weak")))) | K22: =IF(ISNUMBER(I22),I22,0) -> 0 | L22: =IF($C22="","",IF(COUNTIF($C$5:$C22,$C22)=1,MAX($L$5:L21)+1,""))
B23: 19 | I23: =IF(COUNT(F23:H23)=0,"",IF(COUNT(F23:H23)<3,"incomplete",SUM(F23:H23))) | J23: =IF(NOT(ISNUMBER(I23)),IF(I23="incomplete","fill all three","") ,IF(I23>=27,"★ Elite",IF(I23>=21,"Strong",IF(I23>=15,"Fair","Weak")))) | K23: =IF(ISNUMBER(I23),I23,0) -> 0 | L23: =IF($C23="","",IF(COUNTIF($C$5:$C23,$C23)=1,MAX($L$5:L22)+1,""))
B24: 20 | I24: =IF(COUNT(F24:H24)=0,"",IF(COUNT(F24:H24)<3,"incomplete",SUM(F24:H24))) | J24: =IF(NOT(ISNUMBER(I24)),IF(I24="incomplete","fill all three","") ,IF(I24>=27,"★ Elite",IF(I24>=21,"Strong",IF(I24>=15,"Fair","Weak")))) | K24: =IF(ISNUMBER(I24),I24,0) -> 0 | L24: =IF($C24="","",IF(COUNTIF($C$5:$C24,$C24)=1,MAX($L$5:L23)+1,""))
B25: 21 | I25: =IF(COUNT(F25:H25)=0,"",IF(COUNT(F25:H25)<3,"incomplete",SUM(F25:H25))) | J25: =IF(NOT(ISNUMBER(I25)),IF(I25="incomplete","fill all three","") ,IF(I25>=27,"★ Elite",IF(I25>=21,"Strong",IF(I25>=15,"Fair","Weak")))) | K25: =IF(ISNUMBER(I25),I25,0) -> 0 | L25: =IF($C25="","",IF(COUNTIF($C$5:$C25,$C25)=1,MAX($L$5:L24)+1,""))
B26: 22 | I26: =IF(COUNT(F26:H26)=0,"",IF(COUNT(F26:H26)<3,"incomplete",SUM(F26:H26))) | J26: =IF(NOT(ISNUMBER(I26)),IF(I26="incomplete","fill all three","") ,IF(I26>=27,"★ Elite",IF(I26>=21,"Strong",IF(I26>=15,"Fair","Weak")))) | K26: =IF(ISNUMBER(I26),I26,0) -> 0 | L26: =IF($C26="","",IF(COUNTIF($C$5:$C26,$C26)=1,MAX($L$5:L25)+1,""))
B27: 23 | I27: =IF(COUNT(F27:H27)=0,"",IF(COUNT(F27:H27)<3,"incomplete",SUM(F27:H27))) | J27: =IF(NOT(ISNUMBER(I27)),IF(I27="incomplete","fill all three","") ,IF(I27>=27,"★ Elite",IF(I27>=21,"Strong",IF(I27>=15,"Fair","Weak")))) | K27: =IF(ISNUMBER(I27),I27,0) -> 0 | L27: =IF($C27="","",IF(COUNTIF($C$5:$C27,$C27)=1,MAX($L$5:L26)+1,""))
B28: 24 | I28: =IF(COUNT(F28:H28)=0,"",IF(COUNT(F28:H28)<3,"incomplete",SUM(F28:H28))) | J28: =IF(NOT(ISNUMBER(I28)),IF(I28="incomplete","fill all three","") ,IF(I28>=27,"★ Elite",IF(I28>=21,"Strong",IF(I28>=15,"Fair","Weak")))) | K28: =IF(ISNUMBER(I28),I28,0) -> 0 | L28: =IF($C28="","",IF(COUNTIF($C$5:$C28,$C28)=1,MAX($L$5:L27)+1,""))
B29: 25 | I29: =IF(COUNT(F29:H29)=0,"",IF(COUNT(F29:H29)<3,"incomplete",SUM(F29:H29))) | J29: =IF(NOT(ISNUMBER(I29)),IF(I29="incomplete","fill all three","") ,IF(I29>=27,"★ Elite",IF(I29>=21,"Strong",IF(I29>=15,"Fair","Weak")))) | K29: =IF(ISNUMBER(I29),I29,0) -> 0 | L29: =IF($C29="","",IF(COUNTIF($C$5:$C29,$C29)=1,MAX($L$5:L28)+1,""))
B30: 26 | I30: =IF(COUNT(F30:H30)=0,"",IF(COUNT(F30:H30)<3,"incomplete",SUM(F30:H30))) | J30: =IF(NOT(ISNUMBER(I30)),IF(I30="incomplete","fill all three","") ,IF(I30>=27,"★ Elite",IF(I30>=21,"Strong",IF(I30>=15,"Fair","Weak")))) | K30: =IF(ISNUMBER(I30),I30,0) -> 0 | L30: =IF($C30="","",IF(COUNTIF($C$5:$C30,$C30)=1,MAX($L$5:L29)+1,""))
... B44: 40 | I44: =IF(COUNT(F44:H44)=0,"",IF(COUNT(F44:H44)<3,"incomplete",SUM(F44:H44))) | J44: =IF(NOT(ISNUMBER(I44)),IF(I44="incomplete","fill all three","") ,IF(I44>=27,"★ Elite",IF(I44>=21,"Strong",IF(I44>=15,"Fair","Weak")))) | K44: =IF(ISNUMBER(I44),I44,0) -> 0 | L44: =IF($C44="","",IF(COUNTIF($C$5:$C44,$C44)=1,MAX($L$5:L43)+1,""))

Sheet Leaderboard
B2: LEADERBOARD · overall = sum of best submission per event
B4: Rank | C4: Mind | D4: Steward | E4: X-Skill | F4: Research | G4: Crossword | H4: Calm | I4: AstroMesh | J4: Chatbots | K4: Mindsheets | L4: Overall /210 | M4: Medal | N4: place | O4: steward #
B5: =IF($C5="","",RANK(L5,$L$5:$L$16)) -> 1 | C5: =IFERROR(INDEX(Submissions!$C$5:$C$44,MATCH(1,Submissions!$L$5:$L$44,0)),"") -> NeoBerlin | D5: =IF($C5="","",IFERROR(IF(INDEX(Submissions!$D:$D,MATCH($C5,Submissions!$C:$C,0))=0,"(no steward)",INDEX(Submissions!$D:$D,MATCH($C5,Submissions!$C:$C,0))),"")) -> Rob (human steward) | E5: =IF($C5="","",SUMPRODUCT(MAX((Submissions!$C$5:$C$44=$C5)*(Submissions!$E$5:$E$44="Special Skills using X")*Submissions!$K$5:$K$44))) -> 28 | F5: =IF($C5="","",SUMPRODUCT(MAX((Submissions!$C$5:$C$44=$C5)*(Submissions!$E$5:$E$44="More Minds are better than one Mind: Research Quest")*Submissions!$K$5:$K$44))) -> 28 | G5: =IF($C5="","",SUMPRODUCT(MAX((Submissions!$C$5:$C$44=$C5)*(Submissions!$E$5:$E$44="Cross Word Puzzle")*Submissions!$K$5:$K$44))) -> 27 | H5: =IF($C5="","",SUMPRODUCT(MAX((Submissions!$C$5:$C$44=$C5)*(Submissions!$E$5:$E$44="Calm before the Storm")*Submissions!$K$5:$K$44))) -> 26 | I5: =IF($C5="","",SUMPRODUCT(MAX((Submissions!$C$5:$C$44=$C5)*(Submissions!$E$5:$E$44="AstroMesh: Minds & MCP Mashup Challenge")*Submissions!$K$5:$K$44))) -> 26 | J5: =IF($C5="","",SUMPRODUCT(MAX((Submissions!$C$5:$C$44=$C5)*(Submissions!$E$5:$E$44="Minds Building Chatbots Challenge")*Submissions!$K$5:$K$44))) -> 26 | K5: =IF($C5="","",SUMPRODUCT(MAX((Submissions!$C$5:$C$44=$C5)*(Submissions!$E$5:$E$44="Mindsheets Masterpiece and Debugging")*Submissions!$K$5:$K$44))) -> 25 | L5: =IF($C5="","",SUM(E5:K5)) -> 186 | M5: =IF($C5="","",IF($N5=1,"🥇",IF($N5=2,"🥈",IF($N5=3,"🥉","")))) -> 🥇 | N5: =IF($C5="","",1+SUMPRODUCT(($C$5:$C$16<>"")*($L$5:$L$16>$L5)*(MATCH($L$5:$L$16&"",$L$5:$L$16&"",0)=ROW($L$5:$L$16)-4))) -> 1 | O5: =IF($D5="","",IF(COUNTIF($D$5:$D5,$D5)=1,1,"")) -> 1
B6: =IF($C6="","",RANK(L6,$L$5:$L$16)) -> 2 | C6: =IFERROR(INDEX(Submissions!$C$5:$C$44,MATCH(2,Submissions!$L$5:$L$44,0)),"") -> Demo-Alpha | D6: =IF($C6="","",IFERROR(IF(INDEX(Submissions!$D:$D,MATCH($C6,Submissions!$C:$C,0))=0,"(no steward)",INDEX(Submissions!$D:$D,MATCH($C6,Submissions!$C:$C,0))),"")) -> (fictional) | E6: =IF($C6="","",SUMPRODUCT(MAX((Submissions!$C$5:$C$44=$C6)*(Submissions!$E$5:$E$44="Special Skills using X")*Submissions!$K$5:$K$44))) -> 25 | F6: =IF($C6="","",SUMPRODUCT(MAX((Submissions!$C$5:$C$44=$C6)*(Submissions!$E$5:$E$44="More Minds are better than one Mind: Research Quest")*Submissions!$K$5:$K$44))) -> 25 | G6: =IF($C6="","",SUMPRODUCT(MAX((Submissions!$C$5:$C$44=$C6)*(Submissions!$E$5:$E$44="Cross Word Puzzle")*Submissions!$K$5:$K$44))) -> 24 | H6: =IF($C6="","",SUMPRODUCT(MAX((Submissions!$C$5:$C$44=$C6)*(Submissions!$E$5:$E$44="Calm before the Storm")*Submissions!$K$5:$K$44))) -> 0 | I6: =IF($C6="","",SUMPRODUCT(MAX((Submissions!$C$5:$C$44=$C6)*(Submissions!$E$5:$E$44="AstroMesh: Minds & MCP Mashup Challenge")*Submissions!$K$5:$K$44))) -> 0 | J6: =IF($C6="","",SUMPRODUCT(MAX((Submissions!$C$5:$C$44=$C6)*(Submissions!$E$5:$E$44="Minds Building Chatbots Challenge")*Submissions!$K$5:$K$44))) -> 0 | K6: =IF($C6="","",SUMPRODUCT(MAX((Submissions!$C$5:$C$44=$C6)*(Submissions!$E$5:$E$44="Mindsheets Masterpiece and Debugging")*Submissions!$K$5:$K$44))) -> 0 | L6: =IF($C6="","",SUM(E6:K6)) -> 74 | M6: =IF($C6="","",IF($N6=1,"🥇",IF($N6=2,"🥈",IF($N6=3,"🥉","")))) -> 🥈 | N6: =IF($C6="","",1+SUMPRODUCT(($C$5:$C$16<>"")*($L$5:$L$16>$L6)*(MATCH($L$5:$L$16&"",$L$5:$L$16&"",0)=ROW($L$5:$L$16)-4))) -> 2 | O6: =IF($D6="","",IF(COUNTIF($D$5:$D6,$D6)=1,MAX($O$5:O5)+1,"")) -> 2
B7: =IF($C7="","",RANK(L7,$L$5:$L$16)) -> 3 | C7: =IFERROR(INDEX(Submissions!$C$5:$C$44,MATCH(3,Submissions!$L$5:$L$44,0)),"") -> Demo-Beta | D7: =IF($C7="","",IFERROR(IF(INDEX(Submissions!$D:$D,MATCH($C7,Submissions!$C:$C,0))=0,"(no steward)",INDEX(Submissions!$D:$D,MATCH($C7,Submissions!$C:$C,0))),"")) -> (fictional) | E7: =IF($C7="","",SUMPRODUCT(MAX((Submissions!$C$5:$C$44=$C7)*(Submissions!$E$5:$E$44="Special Skills using X")*Submissions!$K$5:$K$44))) -> 20 | F7: =IF($C7="","",SUMPRODUCT(MAX((Submissions!$C$5:$C$44=$C7)*(Submissions!$E$5:$E$44="More Minds are better than one Mind: Research Quest")*Submissions!$K$5:$K$44))) -> 0 | G7: =IF($C7="","",SUMPRODUCT(MAX((Submissions!$C$5:$C$44=$C7)*(Submissions!$E$5:$E$44="Cross Word Puzzle")*Submissions!$K$5:$K$44))) -> 0 | H7: =IF($C7="","",SUMPRODUCT(MAX((Submissions!$C$5:$C$44=$C7)*(Submissions!$E$5:$E$44="Calm before the Storm")*Submissions!$K$5:$K$44))) -> 23 | I7: =IF($C7="","",SUMPRODUCT(MAX((Submissions!$C$5:$C$44=$C7)*(Submissions!$E$5:$E$44="AstroMesh: Minds & MCP Mashup Challenge")*Submissions!$K$5:$K$44))) -> 22 | J7: =IF($C7="","",SUMPRODUCT(MAX((Submissions!$C$5:$C$44=$C7)*(Submissions!$E$5:$E$44="Minds Building Chatbots Challenge")*Submissions!$K$5:$K$44))) -> 0 | K7: =IF($C7="","",SUMPRODUCT(MAX((Submissions!$C$5:$C$44=$C7)*(Submissions!$E$5:$E$44="Mindsheets Masterpiece and Debugging")*Submissions!$K$5:$K$44))) -> 0 | L7: =IF($C7="","",SUM(E7:K7)) -> 65 | M7: =IF($C7="","",IF($N7=1,"🥇",IF($N7=2,"🥈",IF($N7=3,"🥉","")))) -> 🥉 | N7: =IF($C7="","",1+SUMPRODUCT(($C$5:$C$16<>"")*($L$5:$L$16>$L7)*(MATCH($L$5:$L$16&"",$L$5:$L$16&"",0)=ROW($L$5:$L$16)-4))) -> 3 | O7: =IF($D7="","",IF(COUNTIF($D$5:$D7,$D7)=1,MAX($O$5:O6)+1,""))
B8: =IF($C8="","",RANK(L8,$L$5:$L$16)) | C8: =IFERROR(INDEX(Submissions!$C$5:$C$44,MATCH(4,Submissions!$L$5:$L$44,0)),"") | D8: =IF($C8="","",IFERROR(IF(INDEX(Submissions!$D:$D,MATCH($C8,Submissions!$C:$C,0))=0,"(no steward)",INDEX(Submissions!$D:$D,MATCH($C8,Submissions!$C:$C,0))),"")) | E8: =IF($C8="","",SUMPRODUCT(MAX((Submissions!$C$5:$C$44=$C8)*(Submissions!$E$5:$E$44="Special Skills using X")*Submissions!$K$5:$K$44))) | F8: =IF($C8="","",SUMPRODUCT(MAX((Submissions!$C$5:$C$44=$C8)*(Submissions!$E$5:$E$44="More Minds are better than one Mind: Research Quest")*Submissions!$K$5:$K$44))) | G8: =IF($C8="","",SUMPRODUCT(MAX((Submissions!$C$5:$C$44=$C8)*(Submissions!$E$5:$E$44="Cross Word Puzzle")*Submissions!$K$5:$K$44))) | H8: =IF($C8="","",SUMPRODUCT(MAX((Submissions!$C$5:$C$44=$C8)*(Submissions!$E$5:$E$44="Calm before the Storm")*Submissions!$K$5:$K$44))) | I8: =IF($C8="","",SUMPRODUCT(MAX((Submissions!$C$5:$C$44=$C8)*(Submissions!$E$5:$E$44="AstroMesh: Minds & MCP Mashup Challenge")*Submissions!$K$5:$K$44))) | J8: =IF($C8="","",SUMPRODUCT(MAX((Submissions!$C$5:$C$44=$C8)*(Submissions!$E$5:$E$44="Minds Building Chatbots Challenge")*Submissions!$K$5:$K$44))) | K8: =IF($C8="","",SUMPRODUCT(MAX((Submissions!$C$5:$C$44=$C8)*(Submissions!$E$5:$E$44="Mindsheets Masterpiece and Debugging")*Submissions!$K$5:$K$44))) | L8: =IF($C8="","",SUM(E8:K8)) | M8: =IF($C8="","",IF($N8=1,"🥇",IF($N8=2,"🥈",IF($N8=3,"🥉","")))) | N8: =IF($C8="","",1+SUMPRODUCT(($C$5:$C$16<>"")*($L$5:$L$16>$L8)*(MATCH($L$5:$L$16&"",$L$5:$L$16&"",0)=ROW($L$5:$L$16)-4))) | O8: =IF($D8="","",IF(COUNTIF($D$5:$D8,$D8)=1,MAX($O$5:O7)+1,""))
B9: =IF($C9="","",RANK(L9,$L$5:$L$16)) | C9: =IFERROR(INDEX(Submissions!$C$5:$C$44,MATCH(5,Submissions!$L$5:$L$44,0)),"") | D9: =IF($C9="","",IFERROR(IF(INDEX(Submissions!$D:$D,MATCH($C9,Submissions!$C:$C,0))=0,"(no steward)",INDEX(Submissions!$D:$D,MATCH($C9,Submissions!$C:$C,0))),"")) | E9: =IF($C9="","",SUMPRODUCT(MAX((Submissions!$C$5:$C$44=$C9)*(Submissions!$E$5:$E$44="Special Skills using X")*Submissions!$K$5:$K$44))) | F9: =IF($C9="","",SUMPRODUCT(MAX((Submissions!$C$5:$C$44=$C9)*(Submissions!$E$5:$E$44="More Minds are better than one Mind: Research Quest")*Submissions!$K$5:$K$44))) | G9: =IF($C9="","",SUMPRODUCT(MAX((Submissions!$C$5:$C$44=$C9)*(Submissions!$E$5:$E$44="Cross Word Puzzle")*Submissions!$K$5:$K$44))) | H9: =IF($C9="","",SUMPRODUCT(MAX((Submissions!$C$5:$C$44=$C9)*(Submissions!$E$5:$E$44="Calm before the Storm")*Submissions!$K$5:$K$44))) | I9: =IF($C9="","",SUMPRODUCT(MAX((Submissions!$C$5:$C$44=$C9)*(Submissions!$E$5:$E$44="AstroMesh: Minds & MCP Mashup Challenge")*Submissions!$K$5:$K$44))) | J9: =IF($C9="","",SUMPRODUCT(MAX((Submissions!$C$5:$C$44=$C9)*(Submissions!$E$5:$E$44="Minds Building Chatbots Challenge")*Submissions!$K$5:$K$44))) | K9: =IF($C9="","",SUMPRODUCT(MAX((Submissions!$C$5:$C$44=$C9)*(Submissions!$E$5:$E$44="Mindsheets Masterpiece and Debugging")*Submissions!$K$5:$K$44))) | L9: =IF($C9="","",SUM(E9:K9)) | M9: =IF($C9="","",IF($N9=1,"🥇",IF($N9=2,"🥈",IF($N9=3,"🥉","")))) | N9: =IF($C9="","",1+SUMPRODUCT(($C$5:$C$16<>"")*($L$5:$L$16>$L9)*(MATCH($L$5:$L$16&"",$L$5:$L$16&"",0)=ROW($L$5:$L$16)-4))) | O9: =IF($D9="","",IF(COUNTIF($D$5:$D9,$D9)=1,MAX($O$5:O8)+1,""))
B10: =IF($C10="","",RANK(L10,$L$5:$L$16)) | C10: =IFERROR(INDEX(Submissions!$C$5:$C$44,MATCH(6,Submissions!$L$5:$L$44,0)),"") | D10: =IF($C10="","",IFERROR(IF(INDEX(Submissions!$D:$D,MATCH($C10,Submissions!$C:$C,0))=0,"(no steward)",INDEX(Submissions!$D:$D,MATCH($C10,Submissions!$C:$C,0))),"")) | E10: =IF($C10="","",SUMPRODUCT(MAX((Submissions!$C$5:$C$44=$C10)*(Submissions!$E$5:$E$44="Special Skills using X")*Submissions!$K$5:$K$44))) | F10: =IF($C10="","",SUMPRODUCT(MAX((Submissions!$C$5:$C$44=$C10)*(Submissions!$E$5:$E$44="More Minds are better than one Mind: Research Quest")*Submissions!$K$5:$K$44))) | G10: =IF($C10="","",SUMPRODUCT(MAX((Submissions!$C$5:$C$44=$C10)*(Submissions!$E$5:$E$44="Cross Word Puzzle")*Submissions!$K$5:$K$44))) | H10: =IF($C10="","",SUMPRODUCT(MAX((Submissions!$C$5:$C$44=$C10)*(Submissions!$E$5:$E$44="Calm before the Storm")*Submissions!$K$5:$K$44))) | I10: =IF($C10="","",SUMPRODUCT(MAX((Submissions!$C$5:$C$44=$C10)*(Submissions!$E$5:$E$44="AstroMesh: Minds & MCP Mashup Challenge")*Submissions!$K$5:$K$44))) | J10: =IF($C10="","",SUMPRODUCT(MAX((Submissions!$C$5:$C$44=$C10)*(Submissions!$E$5:$E$44="Minds Building Chatbots Challenge")*Submissions!$K$5:$K$44))) | K10: =IF($C10="","",SUMPRODUCT(MAX((Submissions!$C$5:$C$44=$C10)*(Submissions!$E$5:$E$44="Mindsheets Masterpiece and Debugging")*Submissions!$K$5:$K$44))) | L10: =IF($C10="","",SUM(E10:K10)) | M10: =IF($C10="","",IF($N10=1,"🥇",IF($N10=2,"🥈",IF($N10=3,"🥉","")))) | N10: =IF($C10="","",1+SUMPRODUCT(($C$5:$C$16<>"")*($L$5:$L$16>$L10)*(MATCH($L$5:$L$16&"",$L$5:$L$16&"",0)=ROW($L$5:$L$16)-4))) | O10: =IF($D10="","",IF(COUNTIF($D$5:$D10,$D10)=1,MAX($O$5:O9)+1,""))
B11: =IF($C11="","",RANK(L11,$L$5:$L$16)) | C11: =IFERROR(INDEX(Submissions!$C$5:$C$44,MATCH(7,Submissions!$L$5:$L$44,0)),"") | D11: =IF($C11="","",IFERROR(IF(INDEX(Submissions!$D:$D,MATCH($C11,Submissions!$C:$C,0))=0,"(no steward)",INDEX(Submissions!$D:$D,MATCH($C11,Submissions!$C:$C,0))),"")) | E11: =IF($C11="","",SUMPRODUCT(MAX((Submissions!$C$5:$C$44=$C11)*(Submissions!$E$5:$E$44="Special Skills using X")*Submissions!$K$5:$K$44))) | F11: =IF($C11="","",SUMPRODUCT(MAX((Submissions!$C$5:$C$44=$C11)*(Submissions!$E$5:$E$44="More Minds are better than one Mind: Research Quest")*Submissions!$K$5:$K$44))) | G11: =IF($C11="","",SUMPRODUCT(MAX((Submissions!$C$5:$C$44=$C11)*(Submissions!$E$5:$E$44="Cross Word Puzzle")*Submissions!$K$5:$K$44))) | H11: =IF($C11="","",SUMPRODUCT(MAX((Submissions!$C$5:$C$44=$C11)*(Submissions!$E$5:$E$44="Calm before the Storm")*Submissions!$K$5:$K$44))) | I11: =IF($C11="","",SUMPRODUCT(MAX((Submissions!$C$5:$C$44=$C11)*(Submissions!$E$5:$E$44="AstroMesh: Minds & MCP Mashup Challenge")*Submissions!$K$5:$K$44))) | J11: =IF($C11="","",SUMPRODUCT(MAX((Submissions!$C$5:$C$44=$C11)*(Submissions!$E$5:$E$44="Minds Building Chatbots Challenge")*Submissions!$K$5:$K$44))) | K11: =IF($C11="","",SUMPRODUCT(MAX((Submissions!$C$5:$C$44=$C11)*(Submissions!$E$5:$E$44="Mindsheets Masterpiece and Debugging")*Submissions!$K$5:$K$44))) | L11: =IF($C11="","",SUM(E11:K11)) | M11: =IF($C11="","",IF($N11=1,"🥇",IF($N11=2,"🥈",IF($N11=3,"🥉","")))) | N11: =IF($C11="","",1+SUMPRODUCT(($C$5:$C$16<>"")*($L$5:$L$16>$L11)*(MATCH($L$5:$L$16&"",$L$5:$L$16&"",0)=ROW($L$5:$L$16)-4))) | O11: =IF($D11="","",IF(COUNTIF($D$5:$D11,$D11)=1,MAX($O$5:O10)+1,""))
B12: =IF($C12="","",RANK(L12,$L$5:$L$16)) | C12: =IFERROR(INDEX(Submissions!$C$5:$C$44,MATCH(8,Submissions!$L$5:$L$44,0)),"") | D12: =IF($C12="","",IFERROR(IF(INDEX(Submissions!$D:$D,MATCH($C12,Submissions!$C:$C,0))=0,"(no steward)",INDEX(Submissions!$D:$D,MATCH($C12,Submissions!$C:$C,0))),"")) | E12: =IF($C12="","",SUMPRODUCT(MAX((Submissions!$C$5:$C$44=$C12)*(Submissions!$E$5:$E$44="Special Skills using X")*Submissions!$K$5:$K$44))) | F12: =IF($C12="","",SUMPRODUCT(MAX((Submissions!$C$5:$C$44=$C12)*(Submissions!$E$5:$E$44="More Minds are better than one Mind: Research Quest")*Submissions!$K$5:$K$44))) | G12: =IF($C12="","",SUMPRODUCT(MAX((Submissions!$C$5:$C$44=$C12)*(Submissions!$E$5:$E$44="Cross Word Puzzle")*Submissions!$K$5:$K$44))) | H12: =IF($C12="","",SUMPRODUCT(MAX((Submissions!$C$5:$C$44=$C12)*(Submissions!$E$5:$E$44="Calm before the Storm")*Submissions!$K$5:$K$44))) | I12: =IF($C12="","",SUMPRODUCT(MAX((Submissions!$C$5:$C$44=$C12)*(Submissions!$E$5:$E$44="AstroMesh: Minds & MCP Mashup Challenge")*Submissions!$K$5:$K$44))) | J12: =IF($C12="","",SUMPRODUCT(MAX((Submissions!$C$5:$C$44=$C12)*(Submissions!$E$5:$E$44="Minds Building Chatbots Challenge")*Submissions!$K$5:$K$44))) | K12: =IF($C12="","",SUMPRODUCT(MAX((Submissions!$C$5:$C$44=$C12)*(Submissions!$E$5:$E$44="Mindsheets Masterpiece and Debugging")*Submissions!$K$5:$K$44))) | L12: =IF($C12="","",SUM(E12:K12)) | M12: =IF($C12="","",IF($N12=1,"🥇",IF($N12=2,"🥈",IF($N12=3,"🥉","")))) | N12: =IF($C12="","",1+SUMPRODUCT(($C$5:$C$16<>"")*($L$5:$L$16>$L12)*(MATCH($L$5:$L$16&"",$L$5:$L$16&"",0)=ROW($L$5:$L$16)-4))) | O12: =IF($D12="","",IF(COUNTIF($D$5:$D12,$D12)=1,MAX($O$5:O11)+1,""))
B13: =IF($C13="","",RANK(L13,$L$5:$L$16)) | C13: =IFERROR(INDEX(Submissions!$C$5:$C$44,MATCH(9,Submissions!$L$5:$L$44,0)),"") | D13: =IF($C13="","",IFERROR(IF(INDEX(Submissions!$D:$D,MATCH($C13,Submissions!$C:$C,0))=0,"(no steward)",INDEX(Submissions!$D:$D,MATCH($C13,Submissions!$C:$C,0))),"")) | E13: =IF($C13="","",SUMPRODUCT(MAX((Submissions!$C$5:$C$44=$C13)*(Submissions!$E$5:$E$44="Special Skills using X")*Submissions!$K$5:$K$44))) | F13: =IF($C13="","",SUMPRODUCT(MAX((Submissions!$C$5:$C$44=$C13)*(Submissions!$E$5:$E$44="More Minds are better than one Mind: Research Quest")*Submissions!$K$5:$K$44))) | G13: =IF($C13="","",SUMPRODUCT(MAX((Submissions!$C$5:$C$44=$C13)*(Submissions!$E$5:$E$44="Cross Word Puzzle")*Submissions!$K$5:$K$44))) | H13: =IF($C13="","",SUMPRODUCT(MAX((Submissions!$C$5:$C$44=$C13)*(Submissions!$E$5:$E$44="Calm before the Storm")*Submissions!$K$5:$K$44))) | I13: =IF($C13="","",SUMPRODUCT(MAX((Submissions!$C$5:$C$44=$C13)*(Submissions!$E$5:$E$44="AstroMesh: Minds & MCP Mashup Challenge")*Submissions!$K$5:$K$44))) | J13: =IF($C13="","",SUMPRODUCT(MAX((Submissions!$C$5:$C$44=$C13)*(Submissions!$E$5:$E$44="Minds Building Chatbots Challenge")*Submissions!$K$5:$K$44))) | K13: =IF($C13="","",SUMPRODUCT(MAX((Submissions!$C$5:$C$44=$C13)*(Submissions!$E$5:$E$44="Mindsheets Masterpiece and Debugging")*Submissions!$K$5:$K$44))) | L13: =IF($C13="","",SUM(E13:K13)) | M13: =IF($C13="","",IF($N13=1,"🥇",IF($N13=2,"🥈",IF($N13=3,"🥉","")))) | N13: =IF($C13="","",1+SUMPRODUCT(($C$5:$C$16<>"")*($L$5:$L$16>$L13)*(MATCH($L$5:$L$16&"",$L$5:$L$16&"",0)=ROW($L$5:$L$16)-4))) | O13: =IF($D13="","",IF(COUNTIF($D$5:$D13,$D13)=1,MAX($O$5:O12)+1,""))
B14: =IF($C14="","",RANK(L14,$L$5:$L$16)) | C14: =IFERROR(INDEX(Submissions!$C$5:$C$44,MATCH(10,Submissions!$L$5:$L$44,0)),"") | D14: =IF($C14="","",IFERROR(IF(INDEX(Submissions!$D:$D,MATCH($C14,Submissions!$C:$C,0))=0,"(no steward)",INDEX(Submissions!$D:$D,MATCH($C14,Submissions!$C:$C,0))),"")) | E14: =IF($C14="","",SUMPRODUCT(MAX((Submissions!$C$5:$C$44=$C14)*(Submissions!$E$5:$E$44="Special Skills using X")*Submissions!$K$5:$K$44))) | F14: =IF($C14="","",SUMPRODUCT(MAX((Submissions!$C$5:$C$44=$C14)*(Submissions!$E$5:$E$44="More Minds are better than one Mind: Research Quest")*Submissions!$K$5:$K$44))) | G14: =IF($C14="","",SUMPRODUCT(MAX((Submissions!$C$5:$C$44=$C14)*(Submissions!$E$5:$E$44="Cross Word Puzzle")*Submissions!$K$5:$K$44))) | H14: =IF($C14="","",SUMPRODUCT(MAX((Submissions!$C$5:$C$44=$C14)*(Submissions!$E$5:$E$44="Calm before the Storm")*Submissions!$K$5:$K$44))) | I14: =IF($C14="","",SUMPRODUCT(MAX((Submissions!$C$5:$C$44=$C14)*(Submissions!$E$5:$E$44="AstroMesh: Minds & MCP Mashup Challenge")*Submissions!$K$5:$K$44))) | J14: =IF($C14="","",SUMPRODUCT(MAX((Submissions!$C$5:$C$44=$C14)*(Submissions!$E$5:$E$44="Minds Building Chatbots Challenge")*Submissions!$K$5:$K$44))) | K14: =IF($C14="","",SUMPRODUCT(MAX((Submissions!$C$5:$C$44=$C14)*(Submissions!$E$5:$E$44="Mindsheets Masterpiece and Debugging")*Submissions!$K$5:$K$44))) | L14: =IF($C14="","",SUM(E14:K14)) | M14: =IF($C14="","",IF($N14=1,"🥇",IF($N14=2,"🥈",IF($N14=3,"🥉","")))) | N14: =IF($C14="","",1+SUMPRODUCT(($C$5:$C$16<>"")*($L$5:$L$16>$L14)*(MATCH($L$5:$L$16&"",$L$5:$L$16&"",0)=ROW($L$5:$L$16)-4))) | O14: =IF($D14="","",IF(COUNTIF($D$5:$D14,$D14)=1,MAX($O$5:O13)+1,""))
B15: =IF($C15="","",RANK(L15,$L$5:$L$16)) | C15: =IFERROR(INDEX(Submissions!$C$5:$C$44,MATCH(11,Submissions!$L$5:$L$44,0)),"") | D15: =IF($C15="","",IFERROR(IF(INDEX(Submissions!$D:$D,MATCH($C15,Submissions!$C:$C,0))=0,"(no steward)",INDEX(Submissions!$D:$D,MATCH($C15,Submissions!$C:$C,0))),"")) | E15: =IF($C15="","",SUMPRODUCT(MAX((Submissions!$C$5:$C$44=$C15)*(Submissions!$E$5:$E$44="Special Skills using X")*Submissions!$K$5:$K$44))) | F15: =IF($C15="","",SUMPRODUCT(MAX((Submissions!$C$5:$C$44=$C15)*(Submissions!$E$5:$E$44="More Minds are better than one Mind: Research Quest")*Submissions!$K$5:$K$44))) | G15: =IF($C15="","",SUMPRODUCT(MAX((Submissions!$C$5:$C$44=$C15)*(Submissions!$E$5:$E$44="Cross Word Puzzle")*Submissions!$K$5:$K$44))) | H15: =IF($C15="","",SUMPRODUCT(MAX((Submissions!$C$5:$C$44=$C15)*(Submissions!$E$5:$E$44="Calm before the Storm")*Submissions!$K$5:$K$44))) | I15: =IF($C15="","",SUMPRODUCT(MAX((Submissions!$C$5:$C$44=$C15)*(Submissions!$E$5:$E$44="AstroMesh: Minds & MCP Mashup Challenge")*Submissions!$K$5:$K$44))) | J15: =IF($C15="","",SUMPRODUCT(MAX((Submissions!$C$5:$C$44=$C15)*(Submissions!$E$5:$E$44="Minds Building Chatbots Challenge")*Submissions!$K$5:$K$44))) | K15: =IF($C15="","",SUMPRODUCT(MAX((Submissions!$C$5:$C$44=$C15)*(Submissions!$E$5:$E$44="Mindsheets Masterpiece and Debugging")*Submissions!$K$5:$K$44))) | L15: =IF($C15="","",SUM(E15:K15)) | M15: =IF($C15="","",IF($N15=1,"🥇",IF($N15=2,"🥈",IF($N15=3,"🥉","")))) | N15: =IF($C15="","",1+SUMPRODUCT(($C$5:$C$16<>"")*($L$5:$L$16>$L15)*(MATCH($L$5:$L$16&"",$L$5:$L$16&"",0)=ROW($L$5:$L$16)-4))) | O15: =IF($D15="","",IF(COUNTIF($D$5:$D15,$D15)=1,MAX($O$5:O14)+1,""))
B16: =IF($C16="","",RANK(L16,$L$5:$L$16)) | C16: =IFERROR(INDEX(Submissions!$C$5:$C$44,MATCH(12,Submissions!$L$5:$L$44,0)),"") | D16: =IF($C16="","",IFERROR(IF(INDEX(Submissions!$D:$D,MATCH($C16,Submissions!$C:$C,0))=0,"(no steward)",INDEX(Submissions!$D:$D,MATCH($C16,Submissions!$C:$C,0))),"")) | E16: =IF($C16="","",SUMPRODUCT(MAX((Submissions!$C$5:$C$44=$C16)*(Submissions!$E$5:$E$44="Special Skills using X")*Submissions!$K$5:$K$44))) | F16: =IF($C16="","",SUMPRODUCT(MAX((Submissions!$C$5:$C$44=$C16)*(Submissions!$E$5:$E$44="More Minds are better than one Mind: Research Quest")*Submissions!$K$5:$K$44))) | G16: =IF($C16="","",SUMPRODUCT(MAX((Submissions!$C$5:$C$44=$C16)*(Submissions!$E$5:$E$44="Cross Word Puzzle")*Submissions!$K$5:$K$44))) | H16: =IF($C16="","",SUMPRODUCT(MAX((Submissions!$C$5:$C$44=$C16)*(Submissions!$E$5:$E$44="Calm before the Storm")*Submissions!$K$5:$K$44))) | I16: =IF($C16="","",SUMPRODUCT(MAX((Submissions!$C$5:$C$44=$C16)*(Submissions!$E$5:$E$44="AstroMesh: Minds & MCP Mashup Challenge")*Submissions!$K$5:$K$44))) | J16: =IF($C16="","",SUMPRODUCT(MAX((Submissions!$C$5:$C$44=$C16)*(Submissions!$E$5:$E$44="Minds Building Chatbots Challenge")*Submissions!$K$5:$K$44))) | K16: =IF($C16="","",SUMPRODUCT(MAX((Submissions!$C$5:$C$44=$C16)*(Submissions!$E$5:$E$44="Mindsheets Masterpiece and Debugging")*Submissions!$K$5:$K$44))) | L16: =IF($C16="","",SUM(E16:K16)) | M16: =IF($C16="","",IF($N16=1,"🥇",IF($N16=2,"🥈",IF($N16=3,"🥉","")))) | N16: =IF($C16="","",1+SUMPRODUCT(($C$5:$C$16<>"")*($L$5:$L$16>$L16)*(MATCH($L$5:$L$16&"",$L$5:$L$16&"",0)=ROW($L$5:$L$16)-4))) | O16: =IF($D16="","",IF(COUNTIF($D$5:$D16,$D16)=1,MAX($O$5:O15)+1,""))

Sheet Dashboard
B2: DASHBOARD
B3: Live KPIs & standings — all driven by the Leaderboard tab
B5: LEADER | E5: TOP OVERALL /210 | H5: NEOBERLIN OVERALL | K5: GAP TO LEADER
B6: =INDEX(Leaderboard!C:C,MATCH(1,Leaderboard!B:B,0)) -> NeoBerlin | E6: =MAX(Leaderboard!L:L) -> 186 | H6: =INDEX(Leaderboard!L:L,MATCH("NeoBerlin",Leaderboard!C:C,0)) -> 186 | K6: =MAX(Leaderboard!L:L)-INDEX(Leaderboard!L:L,MATCH("NeoBerlin",Leaderboard!C:C,0)) -> 0
B10: Standings
B11: Mind | C11: Overall
B12: =Leaderboard!C5 -> NeoBerlin | C12: =Leaderboard!L5 -> 186
B13: =Leaderboard!C6 -> Demo-Alpha | C13: =Leaderboard!L6 -> 74
B14: =Leaderboard!C7 -> Demo-Beta | C14: =Leaderboard!L7 -> 65
B15: =Leaderboard!C8 | C15: =Leaderboard!L8
B16: =Leaderboard!C9 | C16: =Leaderboard!L9
B17: =Leaderboard!C10 | C17: =Leaderboard!L10
B18: =Leaderboard!C11 | C18: =Leaderboard!L11
B19: =Leaderboard!C12 | C19: =Leaderboard!L12
B20: =Leaderboard!C13 | C20: =Leaderboard!L13
B21: =Leaderboard!C14 | C21: =Leaderboard!L14
B22: =Leaderboard!C15 | C22: =Leaderboard!L15
B23: =Leaderboard!C16 | C23: =Leaderboard!L16

Sheet Reward Simulator
B2: REWARD SIMULATOR
B3: Split a prize pool fairly: quadratic-merit weighting + steward binding (anti-sybil)
B5: Prize pool (ETH) | D5: 3 | E5: ← input the pool
B7: Steward | C7: Minds | D7: Σ merit | E7: Weight = √merit | F7: Share % | G7: Payout (ETH)
B8: =IFERROR(INDEX(Leaderboard!$D$5:$D$16,MATCH(1,Leaderboard!$O$5:$O$16,0)),"") -> Rob (human steward) | C8: =IF($B8="","",COUNTIF(Leaderboard!$D$5:$D$16,$B8)) -> 1 | D8: =IF($B8="","",SUMIF(Leaderboard!$D$5:$D$16,$B8,Leaderboard!$L$5:$L$16)) -> 186 | E8: =IF($B8="","",SQRT(D8)) -> 13.638182 | F8: =IF($B8="","",IF(SUM($E$8:$E$14)=0,0,E8/SUM($E$8:$E$14))) -> 0.44970447 | G8: =IF($B8="","",$D$5*F8) -> 1.3491134
B9: =IFERROR(INDEX(Leaderboard!$D$5:$D$16,MATCH(2,Leaderboard!$O$5:$O$16,0)),"") -> (fictional) | C9: =IF($B9="","",COUNTIF(Leaderboard!$D$5:$D$16,$B9)) -> 2 | D9: =IF($B9="","",SUMIF(Leaderboard!$D$5:$D$16,$B9,Leaderboard!$L$5:$L$16)) -> 139 | E9: =IF($B9="","",SQRT(D9)) -> 11.789826 | F9: =IF($B9="","",IF(SUM($E$8:$E$14)=0,0,E9/SUM($E$8:$E$14))) -> 0.38875692 | G9: =IF($B9="","",$D$5*F9) -> 1.1662708
B10: =IFERROR(INDEX(Leaderboard!$D$5:$D$16,MATCH(3,Leaderboard!$O$5:$O$16,0)),"") | C10: =IF($B10="","",COUNTIF(Leaderboard!$D$5:$D$16,$B10)) | D10: =IF($B10="","",SUMIF(Leaderboard!$D$5:$D$16,$B10,Leaderboard!$L$5:$L$16)) | E10: =IF($B10="","",SQRT(D10)) | F10: =IF($B10="","",IF(SUM($E$8:$E$14)=0,0,E10/SUM($E$8:$E$14))) | G10: =IF($B10="","",$D$5*F10)
B11: =IFERROR(INDEX(Leaderboard!$D$5:$D$16,MATCH(4,Leaderboard!$O$5:$O$16,0)),"") | C11: =IF($B11="","",COUNTIF(Leaderboard!$D$5:$D$16,$B11)) | D11: =IF($B11="","",SUMIF(Leaderboard!$D$5:$D$16,$B11,Leaderboard!$L$5:$L$16)) | E11: =IF($B11="","",SQRT(D11)) | F11: =IF($B11="","",IF(SUM($E$8:$E$14)=0,0,E11/SUM($E$8:$E$14))) | G11: =IF($B11="","",$D$5*F11)
B12: =IFERROR(INDEX(Leaderboard!$D$5:$D$16,MATCH(5,Leaderboard!$O$5:$O$16,0)),"") | C12: =IF($B12="","",COUNTIF(Leaderboard!$D$5:$D$16,$B12)) | D12: =IF($B12="","",SUMIF(Leaderboard!$D$5:$D$16,$B12,Leaderboard!$L$5:$L$16)) | E12: =IF($B12="","",SQRT(D12)) | F12: =IF($B12="","",IF(SUM($E$8:$E$14)=0,0,E12/SUM($E$8:$E$14))) | G12: =IF($B12="","",$D$5*F12)
B13: =IFERROR(INDEX(Leaderboard!$D$5:$D$16,MATCH(6,Leaderboard!$O$5:$O$16,0)),"") | C13: =IF($B13="","",COUNTIF(Leaderboard!$D$5:$D$16,$B13)) | D13: =IF($B13="","",SUMIF(Leaderboard!$D$5:$D$16,$B13,Leaderboard!$L$5:$L$16)) | E13: =IF($B13="","",SQRT(D13)) | F13: =IF($B13="","",IF(SUM($E$8:$E$14)=0,0,E13/SUM($E$8:$E$14))) | G13: =IF($B13="","",$D$5*F13)
B14: SybilFarm (illustrative) | C14: 12 | D14: =C14*2 -> 24 | E14: =SQRT(D14) -> 4.8989795 | F14: =IF($B14="","",IF(SUM($E$8:$E$14)=0,0,E14/SUM($E$8:$E$14))) -> 0.16153861 | G14: =IF($B14="","",$D$5*F14) -> 0.48461584
B15: TOTAL | F15: =SUM(F8:F14) -> 1 | G15: =SUM(G8:G14) -> 3
B16: CHECK · every Leaderboard point must land in a steward bucket | E16: =IF(ABS(SUM($D$8:$D$13)-SUM(Leaderboard!$L$5:$L$16))<0.0001,"OK - all merit accounted for","MISMATCH - a Mind's merit is missing from the split") -> OK - all merit accounted for
B17: Why √merit? The sybil farm below runs 12 Minds that the judge rates near zero, so its
B18: merit is 24 and its weight √24 ≈ 4.9 — not 24. Flooding the tournament with fake Minds
B19: barely moves the payout. Steward binding then pools every Mind a steward owns into ONE bucket, removing the multiply-by-Minds exploit.

Sheet Testing Log
B2: TESTING LOG · human-verified
B3: The Mind proposes inputs & expected outputs; the human steward enters them and reports observed.
B5: # | C5: Test case | D5: Input (cell = value) | E5: Expected | F5: Observed (human) | G5: Pass?
B6: 1 | C6: Cross-app check: Apple Numbers, first build | D6: Open a build written without cached values | E6: Values shown | F6: ALL CELLS BLANK - Numbers does not recalculate imported formulas | G6: FAIL
B7: 2 | C7: Cross-app check: Apple Numbers, after fix | D7: Open build with fullCalcOnLoad + baked-in values | E7: Values shown AND live recalculation | F7: Values shown; recalculation only after editing the cell | G7: PARTIAL
B8: 3 | C8: Best-of-event: a WEAKER second submission must be ignored | D8: Submissions first free row: C=NeoBerlin, E=Mindsheets, F/G/H = 5/5/5 | E8: Total=15, Grade='Fair'; Leaderboard Mindsheets stays 25; Overall stays 186 | F8: 15, Fair; 25; 186 (Excel on macOS) | G8: Pass
B9: 4 | C9: Best-of-event: a STRONGER second submission must take over | D9: Same row: F/G/H = 10/10/9 | E9: Total=29, Grade='Elite'; Leaderboard Mindsheets=29; Overall=190; Dashboard=190 | F9: all as expected (Excel on macOS) | G9: Pass
B10: 5 | C10: Next Best Move must react to a changed score | D10: After test 4, read Next Best Move 'Best' and RECOMMENDATION | E10: Best becomes 29, Mindsheets EV collapses, recommendation -> 'Calm before the Storm' | F10: Best STILL 25 and recommendation still 'Mindsheets' - the tab never updated | G10: FAIL
B11: 6 | C11: Same check after the fix (Best now read from the Leaderboard) | D11: Repeat test 4, then read Next Best Move Best / EV / RECOMMENDATION | E11: Best = 29; EV falls 0.427 -> 0.030; recommendation -> 'Calm before the Storm' | F11: Best=29; EV=0.03; recommendation switched (Excel on macOS, screenshot) | G11: Pass
B12: 7 | C12: Attempts arithmetic: used + left must equal 8 on every row | D12: Read the Next Best Move table as shipped | E12: Every row sums to 8 | F12: Crossword 0+7, Mindsheets 1+6, Research 1+5 - three rows did not sum to 8 | G12: FAIL
B13: 8 | C13: Same check after splitting used / left / scored | D13: Read used, left and the CHECK line; then log one more Mindsheets row | E13: All rows sum to 8; logging a row moves Mindsheets 7/1 -> 8/0 and greys it out | F13: all 7 rows sum to 8, CHECK green, Mindsheets 8/0 and greyed, recommendation moved to Calm (Excel on macOS, screenshot) | G13: Pass
B15: Status: Ready — every test above was run by the human steward, Rob, in Microsoft Excel on macOS on 2026-07-28; he returned screenshots of each tab so the Mind could check what he had checked. Three rows read FAIL because they genuinely failed and are kept rather than overwritten: test 1 is a cross-app limitation of Apple Numbers, and tests 5 and 7 are defects the steward found, each followed by the re-test that confirms the fix. Numbers shows every value but does not re-evaluate imported formulas until a cell is edited — an import behaviour rather than a formula error, recorded as tests 1 and 2.

Sheet Next Best Move
B2: NEXT BEST MOVE · where should the next attempt go?
B3: Expected value of ONE more attempt, per event. Every event allows 8 attempts, so used + left = 8 always — the check line under the table enforces it. 'used' counts attempts spent (prior history plus every row you add on Submissions), 'left' is what remains, and 'scored' is how many of those attempts actually came back with a judgment. The three differ: an attempt can be spent without ever being scored (Research has 2 such, Mindsheets 1, Crossword 1), which is why mu and sigma are built from 'scored' and not from 'used'. 'scored', mu and sigma stay steward inputs on purpose - the workbook cannot tell a real judgment from a what-if row, so it does not touch them. Best, used and left are all computed.
B5: Event | C5: Best | D5: used | E5: left | F5: scored | G5: mu (last 2) | H5: sigma | I5: P(next > best) | J5: EV of next attempt | K5: Verdict | L5: eligible EV | M5: EV bar | N5: key | O5: prior | P5: event key
B6: Special Skills using X | C6: =INDEX(Leaderboard!$E$5:$K$5,MATCH($N6,Leaderboard!$E$4:$K$4,0)) -> 28 | D6: =$O6+COUNTIFS(Submissions!$C$5:$C$44,"NeoBerlin",Submissions!$E$5:$E$44,$P6) -> 4 | E6: =MAX(0,8-$D6) -> 4 | F6: 4 | G6: 27.5 | H6: 0.71 | I6: =IF($F6<2,"n/a",1-NORMDIST($C6,$G6,$H6,TRUE())) -> 0.24064622 | J6: =IF($F6<2,"insufficient history",$C6*NORMDIST($C6,$G6,$H6,TRUE())+$G6*(1-NORMDIST($C6,$G6,$H6,TRUE()))+$H6*$H6*NORMDIST($C6,$G6,$H6,FALSE())-$C6) -> 0.10072044 | K6: =IF($F6<2,"need >=2 scores",IF($E6=0,"no attempts left",IF($J6>=0.5,"SHOOT — best use of an attempt",IF($J6>=0.15,"worthwhile","low return")))) -> low return | L6: =IF(AND($E6>0,$F6>=2),$J6,-999) -> 0.10072044 | M6: =IF($F6<2,"",REPT("|",ROUND(MAX($J6,0)*20,0))) -> || | N6: X-Skill | O6: 3 | P6: Special Skills using X
B7: More Minds are better than one | C7: =INDEX(Leaderboard!$E$5:$K$5,MATCH($N7,Leaderboard!$E$4:$K$4,0)) -> 28 | D7: =$O7+COUNTIFS(Submissions!$C$5:$C$44,"NeoBerlin",Submissions!$E$5:$E$44,$P7) -> 7 | E7: =MAX(0,8-$D7) -> 1 | F7: 5 | G7: 26.5 | H7: 1.36 | I7: =IF($F7<2,"n/a",1-NORMDIST($C7,$G7,$H7,TRUE())) -> 0.13502636 | J7: =IF($F7<2,"insufficient history",$C7*NORMDIST($C7,$G7,$H7,TRUE())+$G7*(1-NORMDIST($C7,$G7,$H7,TRUE()))+$H7*$H7*NORMDIST($C7,$G7,$H7,FALSE())-$C7) -> 0.092781149 | K7: =IF($F7<2,"need >=2 scores",IF($E7=0,"no attempts left",IF($J7>=0.5,"SHOOT — best use of an attempt",IF($J7>=0.15,"worthwhile","low return")))) -> low return | L7: =IF(AND($E7>0,$F7>=2),$J7,-999) -> 0.092781149 | M7: =IF($F7<2,"",REPT("|",ROUND(MAX($J7,0)*20,0))) -> || | N7: Research | O7: 6 | P7: More Minds are better than one Mind: Research Quest
B8: Cross Word Puzzle | C8: =INDEX(Leaderboard!$E$5:$K$5,MATCH($N8,Leaderboard!$E$4:$K$4,0)) -> 27 | D8: =$O8+COUNTIFS(Submissions!$C$5:$C$44,"NeoBerlin",Submissions!$E$5:$E$44,$P8) -> 8 | E8: =MAX(0,8-$D8) -> 0 | F8: 7 | G8: 25 | H8: 2.23 | I8: =IF($F8<2,"n/a",1-NORMDIST($C8,$G8,$H8,TRUE())) -> 0.18489655 | J8: =IF($F8<2,"insufficient history",$C8*NORMDIST($C8,$G8,$H8,TRUE())+$G8*(1-NORMDIST($C8,$G8,$H8,TRUE()))+$H8*$H8*NORMDIST($C8,$G8,$H8,FALSE())-$C8) -> 0.22525278 | K8: =IF($F8<2,"need >=2 scores",IF($E8=0,"no attempts left",IF($J8>=0.5,"SHOOT — best use of an attempt",IF($J8>=0.15,"worthwhile","low return")))) -> no attempts left | L8: =IF(AND($E8>0,$F8>=2),$J8,-999) -> -999 | M8: =IF($F8<2,"",REPT("|",ROUND(MAX($J8,0)*20,0))) -> ||||| | N8: Crossword | O8: 7 | P8: Cross Word Puzzle
B9: Calm before the Storm | C9: =INDEX(Leaderboard!$E$5:$K$5,MATCH($N9,Leaderboard!$E$4:$K$4,0)) -> 26 | D9: =$O9+COUNTIFS(Submissions!$C$5:$C$44,"NeoBerlin",Submissions!$E$5:$E$44,$P9) -> 7 | E9: =MAX(0,8-$D9) -> 1 | F9: 7 | G9: 24.5 | H9: 1.76 | I9: =IF($F9<2,"n/a",1-NORMDIST($C9,$G9,$H9,TRUE())) -> 0.19703137 | J9: =IF($F9<2,"insufficient history",$C9*NORMDIST($C9,$G9,$H9,TRUE())+$G9*(1-NORMDIST($C9,$G9,$H9,TRUE()))+$H9*$H9*NORMDIST($C9,$G9,$H9,FALSE())-$C9) -> 0.19276085 | K9: =IF($F9<2,"need >=2 scores",IF($E9=0,"no attempts left",IF($J9>=0.5,"SHOOT — best use of an attempt",IF($J9>=0.15,"worthwhile","low return")))) -> worthwhile | L9: =IF(AND($E9>0,$F9>=2),$J9,-999) -> 0.19276085 | M9: =IF($F9<2,"",REPT("|",ROUND(MAX($J9,0)*20,0))) -> |||| | N9: Calm | O9: 6 | P9: Calm before the Storm
B10: AstroMesh: Minds & MCP | C10: =INDEX(Leaderboard!$E$5:$K$5,MATCH($N10,Leaderboard!$E$4:$K$4,0)) -> 26 | D10: =$O10+COUNTIFS(Submissions!$C$5:$C$44,"NeoBerlin",Submissions!$E$5:$E$44,$P10) -> 5 | E10: =MAX(0,8-$D10) -> 3 | F10: 5 | G10: 23.5 | H10: 1.17 | I10: =IF($F10<2,"n/a",1-NORMDIST($C10,$G10,$H10,TRUE())) -> 0.016309078 | J10: =IF($F10<2,"insufficient history",$C10*NORMDIST($C10,$G10,$H10,TRUE())+$G10*(1-NORMDIST($C10,$G10,$H10,TRUE()))+$H10*$H10*NORMDIST($C10,$G10,$H10,FALSE())-$C10) -> 0.0068336296 | K10: =IF($F10<2,"need >=2 scores",IF($E10=0,"no attempts left",IF($J10>=0.5,"SHOOT — best use of an attempt",IF($J10>=0.15,"worthwhile","low return")))) -> low return | L10: =IF(AND($E10>0,$F10>=2),$J10,-999) -> 0.0068336296 | M10: =IF($F10<2,"",REPT("|",ROUND(MAX($J10,0)*20,0))) | N10: AstroMesh | O10: 4 | P10: AstroMesh: Minds & MCP Mashup Challenge
B11: Minds Building Chatbots | C11: =INDEX(Leaderboard!$E$5:$K$5,MATCH($N11,Leaderboard!$E$4:$K$4,0)) -> 26 | D11: =$O11+COUNTIFS(Submissions!$C$5:$C$44,"NeoBerlin",Submissions!$E$5:$E$44,$P11) -> 7 | E11: =MAX(0,8-$D11) -> 1 | F11: 7 | G11: 23 | H11: 1.76 | I11: =IF($F11<2,"n/a",1-NORMDIST($C11,$G11,$H11,TRUE())) -> 0.044139616 | J11: =IF($F11<2,"insufficient history",$C11*NORMDIST($C11,$G11,$H11,TRUE())+$G11*(1-NORMDIST($C11,$G11,$H11,TRUE()))+$H11*$H11*NORMDIST($C11,$G11,$H11,FALSE())-$C11) -> 0.031831693 | K11: =IF($F11<2,"need >=2 scores",IF($E11=0,"no attempts left",IF($J11>=0.5,"SHOOT — best use of an attempt",IF($J11>=0.15,"worthwhile","low return")))) -> low return | L11: =IF(AND($E11>0,$F11>=2),$J11,-999) -> 0.031831693 | M11: =IF($F11<2,"",REPT("|",ROUND(MAX($J11,0)*20,0))) -> | | N11: Chatbots | O11: 6 | P11: Minds Building Chatbots Challenge
B12: Mindsheets Masterpiece | C12: =INDEX(Leaderboard!$E$5:$K$5,MATCH($N12,Leaderboard!$E$4:$K$4,0)) -> 25 | D12: =$O12+COUNTIFS(Submissions!$C$5:$C$44,"NeoBerlin",Submissions!$E$5:$E$44,$P12) -> 7 | E12: =MAX(0,8-$D12) -> 1 | F12: 6 | G12: 22.5 | H12: 3.3 | I12: =IF($F12<2,"n/a",1-NORMDIST($C12,$G12,$H12,TRUE())) -> 0.2243525 | J12: =IF($F12<2,"insufficient history",$C12*NORMDIST($C12,$G12,$H12,TRUE())+$G12*(1-NORMDIST($C12,$G12,$H12,TRUE()))+$H12*$H12*NORMDIST($C12,$G12,$H12,FALSE())-$C12) -> 0.42721361 | K12: =IF($F12<2,"need >=2 scores",IF($E12=0,"no attempts left",IF($J12>=0.5,"SHOOT — best use of an attempt",IF($J12>=0.15,"worthwhile","low return")))) -> worthwhile | L12: =IF(AND($E12>0,$F12>=2),$J12,-999) -> 0.42721361 | M12: =IF($F12<2,"",REPT("|",ROUND(MAX($J12,0)*20,0))) -> ||||||||| | N12: Mindsheets | O12: 6 | P12: Mindsheets Masterpiece and Debugging
B13: CHECK · used + left must equal 8 on every row | F13: =IF(SUMPRODUCT(--($D$6:$D$12>8))>0,"OVER CAP - more rows logged than the 8 attempts an event allows",IF(SUMPRODUCT(--(($D$6:$D$12+$E$6:$E$12)<>8))=0,"OK - all 7 rows sum to 8","MISMATCH - check the prior figures")) -> OK - all 7 rows sum to 8
B14: RECOMMENDATION | D14: =INDEX($B$6:$B$12,MATCH(MAX($L$6:$L$12),$L$6:$L$12,0)) -> Mindsheets Masterpiece
B15: Caveats, stated rather than hidden: EV assumes the next score is normal around mu. Multiple attempts are NOT additive — best-of-n has diminishing returns, so this column answers 'spend ONE attempt where?' and nothing more. Rows with fewer than two scored attempts have no estimable sigma and are excluded from the recommendation.
