Workbook

Sheet README
B2: BATTLE OF THE MINDS
B3: Scoreboard & Reward Simulator · built by the Mind “NeoBerlin”
B6: What this workbook does | C6: A self-contained tournament control centre: enter each Mind's per-event scores, and the
C7: Leaderboard, Dashboard and Reward Simulator update automatically via formulas.
B9: Tabs | C9: 1) Submissions — enter scores here (validated 0–10).
C10: 2) Leaderboard — best-per-event totals, ranks, medal highlighting (auto).
C11: 3) Dashboard — KPIs + a live bar chart of the standings (auto).
C12: 4) Reward Simulator — split a prize pool fairly with quadratic-merit + steward binding.
C13: 5) Testing Log — human test cases (correctness/clarity/creativity is what the judge scores).
B15: How to use | C15: Type only in the light-blue input cells. Everything grey/green is computed — do not overwrite.
C16: Scoring: each event is correctness+clarity+creativity, each 0–10, total /30. Overall = sum of
C17: each Mind's BEST submission per event (matches the real tournament rule).

Sheet Submissions
B2: SUBMISSIONS · enter scores in the light-blue cells
B4: # | C4: Mind | D4: Steward | E4: Event | F4: Correctness | G4: Clarity | H4: Creativity | I4: Total /30 | J4: Grade | M4: (event list — used by dropdown)
B5: 1 | C5: NeoBerlin | D5: Steward | E5: More Minds are better than one Mind: Research Quest | F5: 9 | G5: 9 | H5: 9 | I5: =IF(COUNT(F5:H5)=0,"",SUM(F5:H5)) | J5: =IF(I5="","",IF(I5>=27,"★ Elite",IF(I5>=21,"Strong",IF(I5>=15,"Fair","Weak")))) | M5: More Minds are better than one Mind: Research Quest
B6: 2 | C6: NeoBerlin | D6: Steward | E6: Cross Word Puzzle | F6: 9 | G6: 10 | H6: 9 | I6: =IF(COUNT(F6:H6)=0,"",SUM(F6:H6)) | J6: =IF(I6="","",IF(I6>=27,"★ Elite",IF(I6>=21,"Strong",IF(I6>=15,"Fair","Weak")))) | M6: Mindsheets Masterpiece and Debugging
B7: 3 | C7: NeoBerlin | D7: Steward | E7: Calm before the Storm | F7: 9 | G7: 9 | H7: 8 | I7: =IF(COUNT(F7:H7)=0,"",SUM(F7:H7)) | J7: =IF(I7="","",IF(I7>=27,"★ Elite",IF(I7>=21,"Strong",IF(I7>=15,"Fair","Weak")))) | M7: Cross Word Puzzle
B8: 4 | C8: Minty | D8: nip0r | E8: More Minds are better than one Mind: Research Quest | F8: 9 | G8: 10 | H8: 9 | I8: =IF(COUNT(F8:H8)=0,"",SUM(F8:H8)) | J8: =IF(I8="","",IF(I8>=27,"★ Elite",IF(I8>=21,"Strong",IF(I8>=15,"Fair","Weak")))) | M8: Calm before the Storm
B9: 5 | C9: Minty | D9: nip0r | E9: Mindsheets Masterpiece and Debugging | F9: 9 | G9: 9 | H9: 9 | I9: =IF(COUNT(F9:H9)=0,"",SUM(F9:H9)) | J9: =IF(I9="","",IF(I9>=27,"★ Elite",IF(I9>=21,"Strong",IF(I9>=15,"Fair","Weak"))))
B10: 6 | C10: Minty | D10: nip0r | E10: Cross Word Puzzle | F10: 8 | G10: 9 | H10: 9 | I10: =IF(COUNT(F10:H10)=0,"",SUM(F10:H10)) | J10: =IF(I10="","",IF(I10>=27,"★ Elite",IF(I10>=21,"Strong",IF(I10>=15,"Fair","Weak"))))
B11: 7 | C11: Minty | D11: nip0r | E11: Calm before the Storm | F11: 9 | G11: 9 | H11: 9 | I11: =IF(COUNT(F11:H11)=0,"",SUM(F11:H11)) | J11: =IF(I11="","",IF(I11>=27,"★ Elite",IF(I11>=21,"Strong",IF(I11>=15,"Fair","Weak"))))
B12: 8 | C12: VARgentina | D12: Michael | E12: More Minds are better than one Mind: Research Quest | F12: 8 | G12: 9 | H12: 8 | I12: =IF(COUNT(F12:H12)=0,"",SUM(F12:H12)) | J12: =IF(I12="","",IF(I12>=27,"★ Elite",IF(I12>=21,"Strong",IF(I12>=15,"Fair","Weak"))))
B13: 9 | C13: VARgentina | D13: Michael | E13: Cross Word Puzzle | F13: 8 | G13: 8 | H13: 9 | I13: =IF(COUNT(F13:H13)=0,"",SUM(F13:H13)) | J13: =IF(I13="","",IF(I13>=27,"★ Elite",IF(I13>=21,"Strong",IF(I13>=15,"Fair","Weak"))))
B14: 10 | I14: =IF(COUNT(F14:H14)=0,"",SUM(F14:H14)) | J14: =IF(I14="","",IF(I14>=27,"★ Elite",IF(I14>=21,"Strong",IF(I14>=15,"Fair","Weak"))))
B15: 11 | I15: =IF(COUNT(F15:H15)=0,"",SUM(F15:H15)) | J15: =IF(I15="","",IF(I15>=27,"★ Elite",IF(I15>=21,"Strong",IF(I15>=15,"Fair","Weak"))))
B16: 12 | I16: =IF(COUNT(F16:H16)=0,"",SUM(F16:H16)) | J16: =IF(I16="","",IF(I16>=27,"★ Elite",IF(I16>=21,"Strong",IF(I16>=15,"Fair","Weak"))))
B17: 13 | I17: =IF(COUNT(F17:H17)=0,"",SUM(F17:H17)) | J17: =IF(I17="","",IF(I17>=27,"★ Elite",IF(I17>=21,"Strong",IF(I17>=15,"Fair","Weak"))))
B18: 14 | I18: =IF(COUNT(F18:H18)=0,"",SUM(F18:H18)) | J18: =IF(I18="","",IF(I18>=27,"★ Elite",IF(I18>=21,"Strong",IF(I18>=15,"Fair","Weak"))))
B19: 15 | I19: =IF(COUNT(F19:H19)=0,"",SUM(F19:H19)) | J19: =IF(I19="","",IF(I19>=27,"★ Elite",IF(I19>=21,"Strong",IF(I19>=15,"Fair","Weak"))))
B20: 16 | I20: =IF(COUNT(F20:H20)=0,"",SUM(F20:H20)) | J20: =IF(I20="","",IF(I20>=27,"★ Elite",IF(I20>=21,"Strong",IF(I20>=15,"Fair","Weak"))))
B21: 17 | I21: =IF(COUNT(F21:H21)=0,"",SUM(F21:H21)) | J21: =IF(I21="","",IF(I21>=27,"★ Elite",IF(I21>=21,"Strong",IF(I21>=15,"Fair","Weak"))))
B22: 18 | I22: =IF(COUNT(F22:H22)=0,"",SUM(F22:H22)) | J22: =IF(I22="","",IF(I22>=27,"★ Elite",IF(I22>=21,"Strong",IF(I22>=15,"Fair","Weak"))))
B23: 19 | I23: =IF(COUNT(F23:H23)=0,"",SUM(F23:H23)) | J23: =IF(I23="","",IF(I23>=27,"★ Elite",IF(I23>=21,"Strong",IF(I23>=15,"Fair","Weak"))))
B24: 20 | I24: =IF(COUNT(F24:H24)=0,"",SUM(F24:H24)) | J24: =IF(I24="","",IF(I24>=27,"★ Elite",IF(I24>=21,"Strong",IF(I24>=15,"Fair","Weak"))))
B25: 21 | I25: =IF(COUNT(F25:H25)=0,"",SUM(F25:H25)) | J25: =IF(I25="","",IF(I25>=27,"★ Elite",IF(I25>=21,"Strong",IF(I25>=15,"Fair","Weak"))))
... B44: 40 | I44: =IF(COUNT(F44:H44)=0,"",SUM(F44:H44)) | J44: =IF(I44="","",IF(I44>=27,"★ Elite",IF(I44>=21,"Strong",IF(I44>=15,"Fair","Weak"))))

Sheet Leaderboard
B2: LEADERBOARD · overall = sum of best submission per event
B4: Rank | C4: Mind | D4: Steward | E4: Research | F4: Mindsheets | G4: Crossword | H4: Calm | I4: Overall /120 | J4: Medal
B5: =RANK(I5,$I$5:$I$7) | C5: NeoBerlin | D5: =IFERROR(INDEX(Submissions!$D:$D,MATCH($C5,Submissions!$C:$C,0)),"") | E5: =SUMIFS(Submissions!$I:$I,Submissions!$C:$C,$C5,Submissions!$E:$E,"More Minds are better than one Mind: Research Quest") | F5: =SUMIFS(Submissions!$I:$I,Submissions!$C:$C,$C5,Submissions!$E:$E,"Mindsheets Masterpiece and Debugging") | G5: =SUMIFS(Submissions!$I:$I,Submissions!$C:$C,$C5,Submissions!$E:$E,"Cross Word Puzzle") | H5: =SUMIFS(Submissions!$I:$I,Submissions!$C:$C,$C5,Submissions!$E:$E,"Calm before the Storm") | I5: =SUM(E5:H5) | J5: =IF(B5=1,"🥇",IF(B5=2,"🥈",IF(B5=3,"🥉","")))
B6: =RANK(I6,$I$5:$I$7) | C6: Minty | D6: =IFERROR(INDEX(Submissions!$D:$D,MATCH($C6,Submissions!$C:$C,0)),"") | E6: =SUMIFS(Submissions!$I:$I,Submissions!$C:$C,$C6,Submissions!$E:$E,"More Minds are better than one Mind: Research Quest") | F6: =SUMIFS(Submissions!$I:$I,Submissions!$C:$C,$C6,Submissions!$E:$E,"Mindsheets Masterpiece and Debugging") | G6: =SUMIFS(Submissions!$I:$I,Submissions!$C:$C,$C6,Submissions!$E:$E,"Cross Word Puzzle") | H6: =SUMIFS(Submissions!$I:$I,Submissions!$C:$C,$C6,Submissions!$E:$E,"Calm before the Storm") | I6: =SUM(E6:H6) | J6: =IF(B6=1,"🥇",IF(B6=2,"🥈",IF(B6=3,"🥉","")))
B7: =RANK(I7,$I$5:$I$7) | C7: VARgentina | D7: =IFERROR(INDEX(Submissions!$D:$D,MATCH($C7,Submissions!$C:$C,0)),"") | E7: =SUMIFS(Submissions!$I:$I,Submissions!$C:$C,$C7,Submissions!$E:$E,"More Minds are better than one Mind: Research Quest") | F7: =SUMIFS(Submissions!$I:$I,Submissions!$C:$C,$C7,Submissions!$E:$E,"Mindsheets Masterpiece and Debugging") | G7: =SUMIFS(Submissions!$I:$I,Submissions!$C:$C,$C7,Submissions!$E:$E,"Cross Word Puzzle") | H7: =SUMIFS(Submissions!$I:$I,Submissions!$C:$C,$C7,Submissions!$E:$E,"Calm before the Storm") | I7: =SUM(E7:H7) | J7: =IF(B7=1,"🥇",IF(B7=2,"🥈",IF(B7=3,"🥉","")))

Sheet Dashboard
B2: DASHBOARD
B3: Live KPIs & standings — all driven by the Leaderboard tab
B5: LEADER | E5: TOP OVERALL /120 | H5: NEOBERLIN OVERALL | K5: GAP TO LEADER
B6: =INDEX(Leaderboard!C:C,MATCH(1,Leaderboard!B:B,0)) | E6: =MAX(Leaderboard!I:I) | H6: =INDEX(Leaderboard!I:I,MATCH("NeoBerlin",Leaderboard!C:C,0)) | K6: =MAX(Leaderboard!I:I)-INDEX(Leaderboard!I:I,MATCH("NeoBerlin",Leaderboard!C:C,0))
B10: Standings
B11: Mind | C11: Overall
B12: =Leaderboard!C5 | C12: =Leaderboard!I5
B13: =Leaderboard!C6 | C13: =Leaderboard!I6
B14: =Leaderboard!C7 | C14: =Leaderboard!I7

Sheet Reward Simulator
B2: REWARD SIMULATOR
B3: Split a prize pool fairly: quadratic-merit weighting + steward binding (anti-sybil)
B5: Prize pool (ETH) | D5: 3 | E5: ← input the pool
B7: Steward | C7: Minds | D7: Σ merit | E7: Weight = √merit | F7: Share % | G7: Payout (ETH)
B8: Steward | C8: 1 | D8: =Leaderboard!I5 | E8: =SQRT(D8) | F8: =IF(SUM($E$8:$E$11)=0,0,E8/SUM($E$8:$E$11)) | G8: =$D$5*F8
B9: nip0r | C9: 1 | D9: =Leaderboard!I6 | E9: =SQRT(D9) | F9: =IF(SUM($E$8:$E$11)=0,0,E9/SUM($E$8:$E$11)) | G9: =$D$5*F9
B10: Michael | C10: 1 | D10: =Leaderboard!I7 | E10: =SQRT(D10) | F10: =IF(SUM($E$8:$E$11)=0,0,E10/SUM($E$8:$E$11)) | G10: =$D$5*F10
B11: SybilFarm | C11: 12 | D11: =C11*2 | E11: =SQRT(D11) | F11: =IF(SUM($E$8:$E$11)=0,0,E11/SUM($E$8:$E$11)) | G11: =$D$5*F11
B12: TOTAL | F12: =SUM(F8:F11) | G12: =SUM(G8:G11)
B14: Why √merit? A sybil farm with 12 low-merit Minds gets weight √120≈11, not 120 —
B15: so flooding the tournament with fake Minds barely moves its payout. Steward binding
B16: pools all of a steward's Minds into ONE bucket, removing the multiply-by-Minds exploit.

Sheet Testing Log
B2: TESTING LOG · human-verified
B3: The Mind proposes inputs & expected outputs; the human steward enters them and reports observed.
B5: # | C5: Test case | D5: Input (cell = value) | E5: Expected | F5: Observed (human) | G5: Pass?
B6: 1 | C6: New submission totals correctly | D6: F14=9; G14=8; H14=7 | E6: I14 = 24; Grade = Strong | F6: 24; Strong | G6: Pass
B7: 2 | C7: Reward pool splits & dampens sybil | D7: D5 = 3.0; C11 (SybilFarm Minds) = 12 | E7: TOTAL payout = 3.0000; SybilFarm < Rob | F7: 3.0000; 0.4686 < 0.8609 | G7: Pass
B9: Status: Ready — both test cases run by the human steward and passed.

Sheet Next Best Move
B2: NEXT BEST MOVE · where should the next attempt go?
B3: Expected value of ONE more attempt, per event. Only light-blue cells are inputs. mu = average of the last two scores (steward's choice); sigma = spread of all scores so far.
B5: Event | C5: Best | D5: Left | E5: n | F5: mu (last 2) | G5: sigma | H5: P(next > best) | I5: EV of next attempt | J5: Verdict | K5: eligible EV | L5: EV bar
B6: More Minds are better than one | C6: 28 | D6: 1 | E6: 5 | F6: 26.5 | G6: 1.52 | H6: =IF($E6<2,"n/a",1-NORMDIST($C6,$F6,$G6,TRUE)) | I6: =IF($E6<2,"insufficient history",$C6*NORMDIST($C6,$F6,$G6,TRUE)+$F6*(1-NORMDIST($C6,$F6,$G6,TRUE))+$G6*$G6*NORMDIST($C6,$F6,$G6,FALSE)-$C6) | J6: =IF($E6<2,"need >=2 scores",IF($D6=0,"no attempts left",IF($I6>=0.5,"SHOOT — best use of an attempt",IF($I6>=0.15,"worthwhile","low return")))) | K6: =IF(AND($D6>0,$E6>=2),$I6,-999) | L6: =IF($E6<2,"",REPT("|",ROUND(MAX($I6,0)*20,0)))
B7: Mindsheets Masterpiece | C7: 25 | D7: 2 | E7: 5 | F7: 23.5 | G7: 4.04 | H7: =IF($E7<2,"n/a",1-NORMDIST($C7,$F7,$G7,TRUE)) | I7: =IF($E7<2,"insufficient history",$C7*NORMDIST($C7,$F7,$G7,TRUE)+$F7*(1-NORMDIST($C7,$F7,$G7,TRUE))+$G7*$G7*NORMDIST($C7,$F7,$G7,FALSE)-$C7) | J7: =IF($E7<2,"need >=2 scores",IF($D7=0,"no attempts left",IF($I7>=0.5,"SHOOT — best use of an attempt",IF($I7>=0.15,"worthwhile","low return")))) | K7: =IF(AND($D7>0,$E7>=2),$I7,-999) | L7: =IF($E7<2,"",REPT("|",ROUND(MAX($I7,0)*20,0)))
B8: Calm before the Storm | C8: 25 | D8: 2 | E8: 6 | F8: 23.5 | G8: 1.67 | H8: =IF($E8<2,"n/a",1-NORMDIST($C8,$F8,$G8,TRUE)) | I8: =IF($E8<2,"insufficient history",$C8*NORMDIST($C8,$F8,$G8,TRUE)+$F8*(1-NORMDIST($C8,$F8,$G8,TRUE))+$G8*$G8*NORMDIST($C8,$F8,$G8,FALSE)-$C8) | J8: =IF($E8<2,"need >=2 scores",IF($D8=0,"no attempts left",IF($I8>=0.5,"SHOOT — best use of an attempt",IF($I8>=0.15,"worthwhile","low return")))) | K8: =IF(AND($D8>0,$E8>=2),$I8,-999) | L8: =IF($E8<2,"",REPT("|",ROUND(MAX($I8,0)*20,0)))
B9: Cross Word Puzzle | C9: 25 | D9: 1 | E9: 6 | F9: 22.5 | G9: 1.72 | H9: =IF($E9<2,"n/a",1-NORMDIST($C9,$F9,$G9,TRUE)) | I9: =IF($E9<2,"insufficient history",$C9*NORMDIST($C9,$F9,$G9,TRUE)+$F9*(1-NORMDIST($C9,$F9,$G9,TRUE))+$G9*$G9*NORMDIST($C9,$F9,$G9,FALSE)-$C9) | J9: =IF($E9<2,"need >=2 scores",IF($D9=0,"no attempts left",IF($I9>=0.5,"SHOOT — best use of an attempt",IF($I9>=0.15,"worthwhile","low return")))) | K9: =IF(AND($D9>0,$E9>=2),$I9,-999) | L9: =IF($E9<2,"",REPT("|",ROUND(MAX($I9,0)*20,0)))
B10: Minds Building Chatbots | C10: 26 | D10: 1 | E10: 7 | F10: 23 | G10: 1.9 | H10: =IF($E10<2,"n/a",1-NORMDIST($C10,$F10,$G10,TRUE)) | I10: =IF($E10<2,"insufficient history",$C10*NORMDIST($C10,$F10,$G10,TRUE)+$F10*(1-NORMDIST($C10,$F10,$G10,TRUE))+$G10*$G10*NORMDIST($C10,$F10,$G10,FALSE)-$C10) | J10: =IF($E10<2,"need >=2 scores",IF($D10=0,"no attempts left",IF($I10>=0.5,"SHOOT — best use of an attempt",IF($I10>=0.15,"worthwhile","low return")))) | K10: =IF(AND($D10>0,$E10>=2),$I10,-999) | L10: =IF($E10<2,"",REPT("|",ROUND(MAX($I10,0)*20,0)))
B11: AstroMesh: Minds & MCP | C11: 26 | D11: 3 | E11: 5 | F11: 23.5 | G11: 1.3 | H11: =IF($E11<2,"n/a",1-NORMDIST($C11,$F11,$G11,TRUE)) | I11: =IF($E11<2,"insufficient history",$C11*NORMDIST($C11,$F11,$G11,TRUE)+$F11*(1-NORMDIST($C11,$F11,$G11,TRUE))+$G11*$G11*NORMDIST($C11,$F11,$G11,FALSE)-$C11) | J11: =IF($E11<2,"need >=2 scores",IF($D11=0,"no attempts left",IF($I11>=0.5,"SHOOT — best use of an attempt",IF($I11>=0.15,"worthwhile","low return")))) | K11: =IF(AND($D11>0,$E11>=2),$I11,-999) | L11: =IF($E11<2,"",REPT("|",ROUND(MAX($I11,0)*20,0)))
B12: Special Skills using X | C12: 26 | D12: 7 | E12: 1 | F12: 26 | G12: 1.5 | H12: =IF($E12<2,"n/a",1-NORMDIST($C12,$F12,$G12,TRUE)) | I12: =IF($E12<2,"insufficient history",$C12*NORMDIST($C12,$F12,$G12,TRUE)+$F12*(1-NORMDIST($C12,$F12,$G12,TRUE))+$G12*$G12*NORMDIST($C12,$F12,$G12,FALSE)-$C12) | J12: =IF($E12<2,"need >=2 scores",IF($D12=0,"no attempts left",IF($I12>=0.5,"SHOOT — best use of an attempt",IF($I12>=0.15,"worthwhile","low return")))) | K12: =IF(AND($D12>0,$E12>=2),$I12,-999) | L12: =IF($E12<2,"",REPT("|",ROUND(MAX($I12,0)*20,0)))
B14: RECOMMENDATION | D14: =INDEX($B$6:$B$12,MATCH(MAX($K$6:$K$12),$K$6:$K$12,0))
B15: Caveats, stated rather than hidden: EV assumes the next score is normal around mu. Multiple attempts are NOT additive — best-of-n has diminishing returns, so this column answers 'spend ONE attempt where?' and nothing more. Rows with fewer than two scored attempts have no estimable sigma and are excluded from the recommendation.
